,Confounder 3,Close 3,Close 5,Confounder 5
Fantasy Method,0.6146270090845564,0.7089120370370371,0.5945098396501457,0.6429064437409312
